Province_State,Country_Region,Date,Doses_admin,People_partially_vaccinated,People_fully_vaccinated,Report_Date_String,UID
,Afghanistan,2022-04-16,5940400,5246981,4595506,2022-04-16,4
,Albania,2022-04-16,2815381,1287062,1223943,2022-04-16,8
,Algeria,2022-04-16,13704895,7461932,6110712,2022-04-16,12
,Andorra,2022-04-16,152301,57850,53406,2022-04-16,20
,Angola,2022-04-16,18756893,11799837,6127137,2022-04-16,24
,Antigua and Barbuda,2022-04-16,135443,63918,61687,2022-04-16,28
,Argentina,2022-04-16,97598645,40982231,37110447,2022-04-16,32
Autonomous City of Buenos Aires,Argentina,2022-04-16,7807669,,,2022-04-16,3201
Buenos Aires,Argentina,2022-04-16,38272621,,,2022-04-16,3202
Catamarca,Argentina,2022-04-16,947603,,,2022-04-16,3203
Chaco,Argentina,2022-04-16,2144108,,,2022-04-16,3204
Chubut,Argentina,2022-04-16,1132479,,,2022-04-16,3205
Cordoba,Argentina,2022-04-16,8054636,,,2022-04-16,3207
Corrientes,Argentina,2022-04-16,2291877,,,2022-04-16,3206
Entre Rios,Argentina,2022-04-16,2909158,,,2022-04-16,3208
Formosa,Argentina,2022-04-16,1449145,,,2022-04-16,3209
Jujuy,Argentina,2022-04-16,1563325,,,2022-04-16,3210
La Pampa,Argentina,2022-04-16,888800,,,2022-04-16,3211
La Rioja,Argentina,2022-04-16,884482,,,2022-04-16,3212
Mendoza,Argentina,2022-04-16,3981245,,,2022-04-16,3213
Misiones,Argentina,2022-04-16,2072913,,,2022-04-16,3214
Neuquen,Argentina,2022-04-16,1502355,,,2022-04-16,3215
Rio Negro,Argentina,2022-04-16,1627496,,,2022-04-16,3216
Salta,Argentina,2022-04-16,2575987,,,2022-04-16,3217
San Juan,Argentina,2022-04-16,1626667,,,2022-04-16,3218
San Luis,Argentina,2022-04-16,1214746,,,2022-04-16,3219
Santa Cruz,Argentina,2022-04-16,686396,,,2022-04-16,3220
Santa Fe,Argentina,2022-04-16,8073408,,,2022-04-16,3221
Santiago del Estero,Argentina,2022-04-16,2289918,,,2022-04-16,3222
Tierra del Fuego,Argentina,2022-04-16,364783,,,2022-04-16,3223
Tucuman,Argentina,2022-04-16,3236828,,,2022-04-16,3224
,Armenia,2022-04-16,2141957,1128072,980101,2022-04-16,51
,Australia,2022-04-16,57162599,22248779,21422263,2022-04-16,36
Australian Capital Territory,Australia,2022-04-16,1485572,,,2022-04-16,3601
New South Wales,Australia,2022-04-16,17746510,,,2022-04-16,3602
Northern Territory,Australia,2022-04-16,563853,,,2022-04-16,3603
Queensland,Australia,2022-04-16,10826000,,,2022-04-16,3604
South Australia,Australia,2022-04-16,3937661,,,2022-04-16,3605
Tasmania,Australia,2022-04-16,1285990,,,2022-04-16,3606
Unknown,Australia,2022-04-16,0,,,2022-04-16,3609
Victoria,Australia,2022-04-16,15049820,,,2022-04-16,3607
Western Australia,Australia,2022-04-16,6267193,,,2022-04-16,3608
,Austria,2022-04-16,18230030,6819434,6601459,2022-04-16,40
,Azerbaijan,2022-04-16,13574804,5332840,4834938,2022-04-16,31
,Bahamas,2022-04-16,335729,165385,156615,2022-04-16,44
,Bahrain,2022-04-16,3429038,1233801,1217811,2022-04-16,48
,Barbados,2022-04-16,360322,161476,151588,2022-04-16,52
,Belarus,2022-04-16,11778178,5947876,5501250,2022-04-16,112
,Belgium,2022-04-16,25285033,9233999,9134513,2022-04-16,56
,Belize,2022-04-16,468692,236326,209571,2022-04-16,84
,Benin,2022-04-16,3333450,3065188,2520562,2022-04-16,204
,Bhutan,2022-04-16,1888156,691290,662656,2022-04-16,64
,Bolivia,2022-04-16,13328580,7106071,5834249,2022-04-16,68
,Bosnia and Herzegovina,2022-04-16,1924950,943394,846080,2022-04-16,70
,Botswana,2022-04-16,2517260,1454775,1292541,2022-04-16,72
,Brazil,2022-04-16,423594585,181894974,162490311,2022-04-16,76
,Brunei,2022-04-16,1084543,412058,405414,2022-04-16,96
,Bulgaria,2022-04-16,4370887,2084765,2053337,2022-04-16,100
,Burkina Faso,2022-04-16,3320425,2158705,1243268,2022-04-16,854
,Burma,2022-04-16,51530066,28522949,22337339,2022-04-16,104
,Burundi,2022-04-16,21152,10892,10260,2022-04-16,108
,Cabo Verde,2022-04-16,728077,,,2022-04-16,132
,Cambodia,2022-04-16,37200643,14850948,14106382,2022-04-16,116
,Cameroon,2022-04-16,1820196,1544220,1201735,2022-04-16,120
,Canada,2022-04-16,82862749,33085304,31236886,2022-04-16,124
Alberta,Canada,2022-04-16,8621854,,,2022-04-16,12401
British Columbia,Canada,2022-04-16,11503889,,,2022-04-16,12402
Manitoba,Canada,2022-04-16,2863534,,,2022-04-16,12403
New Brunswick,Canada,2022-04-16,1743499,,,2022-04-16,12404
Newfoundland and Labrador,Canada,2022-04-16,970503,,,2022-04-16,12405
Northwest Territories,Canada,2022-04-16,100512,,,2022-04-16,12406
Nova Scotia,Canada,2022-04-16,2235685,,,2022-04-16,12407
Nunavut,Canada,2022-04-16,77083,,,2022-04-16,12416
Ontario,Canada,2022-04-16,32319933,,,2022-04-16,12408
Prince Edward Island,Canada,2022-04-16,374491,,,2022-04-16,12409
Quebec,Canada,2022-04-16,19329439,,,2022-04-16,12410
Saskatchewan,Canada,2022-04-16,2336814,,,2022-04-16,12411
Yukon,Canada,2022-04-16,91517,,,2022-04-16,12412
,Central African Republic,2022-04-16,1012846,923553,897945,2022-04-16,140
,Chad,2022-04-16,2291152,2159731,2038603,2022-04-16,148
,Chile,2022-04-16,51486776,17898255,17429548,2022-04-16,152
,China,2022-04-16,3308616000,1280156000,1244923000,2022-04-16,156
Hong Kong,China,2022-04-16,15641520,,,2022-04-16,344
Macau,China,2022-04-16,1296827,,,2022-04-16,446
,Colombia,2022-04-16,81956379,42126773,35129675,2022-04-16,170
Amazonas,Colombia,2022-04-16,128491,,,2022-04-16,17001
Antioquia,Colombia,2022-04-16,11511565,,,2022-04-16,17002
Arauca,Colombia,2022-04-16,386075,,,2022-04-16,17003
Atlantico,Colombia,2022-04-16,4707253,,,2022-04-16,17004
Bolivar,Colombia,2022-04-16,3461523,,,2022-04-16,17005
Boyaca,Colombia,2022-04-16,2279778,,,2022-04-16,17006
Caldas,Colombia,2022-04-16,1743858,,,2022-04-16,17007
Capital District,Colombia,2022-04-16,14643377,,,2022-04-16,17008
Caqueta,Colombia,2022-04-16,459154,,,2022-04-16,17009
Casanare,Colombia,2022-04-16,689613,,,2022-04-16,17010
Cauca,Colombia,2022-04-16,1444179,,,2022-04-16,17011
Cesar,Colombia,2022-04-16,1749525,,,2022-04-16,17012
Choco,Colombia,2022-04-16,438058,,,2022-04-16,17013
Cordoba,Colombia,2022-04-16,2529672,,,2022-04-16,17014
Cundinamarca,Colombia,2022-04-16,5050062,,,2022-04-16,17015
Guainia,Colombia,2022-04-16,49469,,,2022-04-16,17016
Guaviare,Colombia,2022-04-16,110929,,,2022-04-16,17017
Huila,Colombia,2022-04-16,1684057,,,2022-04-16,17018
La Guajira,Colombia,2022-04-16,1205712,,,2022-04-16,17019
Magdalena,Colombia,2022-04-16,2068485,,,2022-04-16,17020
Meta,Colombia,2022-04-16,1454453,,,2022-04-16,17021
Narino,Colombia,2022-04-16,2270739,,,2022-04-16,17022
Norte de Santander,Colombia,2022-04-16,2431344,,,2022-04-16,17023
Putumayo,Colombia,2022-04-16,330628,,,2022-04-16,17024
Quindio,Colombia,2022-04-16,986438,,,2022-04-16,17025
Risaralda,Colombia,2022-04-16,1693949,,,2022-04-16,17026
San Andres y Providencia,Colombia,2022-04-16,128149,,,2022-04-16,17027
Santander,Colombia,2022-04-16,3716179,,,2022-04-16,17028
Sucre,Colombia,2022-04-16,1410631,,,2022-04-16,17029
Tolima,Colombia,2022-04-16,2365244,,,2022-04-16,17030
Unknown,Colombia,2022-04-16,1435709,,,2022-04-16,17034
Valle del Cauca,Colombia,2022-04-16,7014861,,,2022-04-16,17031
Vaupes,Colombia,2022-04-16,36980,,,2022-04-16,17032
Vichada,Colombia,2022-04-16,78369,,,2022-04-16,17033
,Comoros,2022-04-16,637961,341102,301218,2022-04-16,174
,Congo (Brazzaville),2022-04-16,818931,,,2022-04-16,178
,Congo (Kinshasa),2022-04-16,964948,,,2022-04-16,180
,Costa Rica,2022-04-16,10440011,4379374,4042081,2022-04-16,188
,Cote d'Ivoire,2022-04-16,10364488,7927713,5394807,2022-04-16,384
,Croatia,2022-04-16,5236555,2312235,2240290,2022-04-16,191
,Cuba,2022-04-16,35556960,10644231,9927073,2022-04-16,192
,Cyprus,2022-04-16,1773485,687926,645292,2022-04-16,196
,Czechia,2022-04-16,17535927,6955214,6864217,2022-04-16,203
Jihocesky,Czechia,2022-04-16,1059268,,,2022-04-16,20301
Jihomoravsky,Czechia,2022-04-16,1960903,,,2022-04-16,20302
Karlovarsky,Czechia,2022-04-16,464955,,,2022-04-16,20303
Kralovehradecky,Czechia,2022-04-16,904499,,,2022-04-16,20304
Liberecky,Czechia,2022-04-16,693980,,,2022-04-16,20305
Moravskoslezsky,Czechia,2022-04-16,1779646,,,2022-04-16,20306
Olomoucky,Czechia,2022-04-16,913561,,,2022-04-16,20307
Pardubicky,Czechia,2022-04-16,796025,,,2022-04-16,20308
Plzensky,Czechia,2022-04-16,959061,,,2022-04-16,20309
Prague,Czechia,2022-04-16,3216391,,,2022-04-16,20310
Stredocesky,Czechia,2022-04-16,1868985,,,2022-04-16,20311
Unknown,Czechia,2022-04-16,0,,,2022-04-16,20315
Ustecky,Czechia,2022-04-16,1254354,,,2022-04-16,20312
Vysocina,Czechia,2022-04-16,799111,,,2022-04-16,20313
Zlinsky,Czechia,2022-04-16,865188,,,2022-04-16,20314
,Denmark,2022-04-16,13212810,4839273,4800121,2022-04-16,208
Faroe Islands,Denmark,2022-04-16,103894,,,2022-04-16,234
Greenland,Denmark,2022-04-16,79745,,,2022-04-16,304
,Djibouti,2022-04-16,172366,151828,111798,2022-04-16,262
,Dominica,2022-04-16,66166,32491,30029,2022-04-16,212
,Dominican Republic,2022-04-16,15563494,7200466,5949473,2022-04-16,214
,Ecuador,2022-04-16,33813553,15070669,13829916,2022-04-16,218
,Egypt,2022-04-16,80130948,45884414,33441703,2022-04-16,818
,El Salvador,2022-04-16,10533076,4587535,4288666,2022-04-16,222
,Equatorial Guinea,2022-04-16,473409,262703,210706,2022-04-16,226
,Estonia,2022-04-16,1978323,859899,843978,2022-04-16,233
Harju,Estonia,2022-04-16,875002,,,2022-04-16,23301
Hiiu,Estonia,2022-04-16,18000,,,2022-04-16,23302
Ida-Viru,Estonia,2022-04-16,160991,,,2022-04-16,23303
Jarva,Estonia,2022-04-16,46061,,,2022-04-16,23304
Jogeva,Estonia,2022-04-16,45494,,,2022-04-16,23305
Laane,Estonia,2022-04-16,32066,,,2022-04-16,23306
Laane-Viru,Estonia,2022-04-16,88711,,,2022-04-16,23307
Parnu,Estonia,2022-04-16,119145,,,2022-04-16,23308
Polva,Estonia,2022-04-16,36335,,,2022-04-16,23309
Rapla,Estonia,2022-04-16,49165,,,2022-04-16,23310
Saare,Estonia,2022-04-16,51354,,,2022-04-16,23311
Tartu,Estonia,2022-04-16,255935,,,2022-04-16,23312
Unknown,Estonia,2022-04-16,43826,,,2022-04-16,23316
Valga,Estonia,2022-04-16,38186,,,2022-04-16,23313
Viljandi,Estonia,2022-04-16,70647,,,2022-04-16,23314
Voru,Estonia,2022-04-16,47405,,,2022-04-16,23315
,Eswatini,2022-04-16,509424,387509,318360,2022-04-16,748
,Ethiopia,2022-04-16,29411822,24769870,21290883,2022-04-16,231
,Fiji,2022-04-16,1435236,684871,630508,2022-04-16,242
,Finland,2022-04-16,11726962,4508106,4316118,2022-04-16,246
,France,2022-04-16,155294157,54027490,52495722,2022-04-16,250
Auvergne-Rhone Alps,France,2022-04-16,16362540,,,2022-04-16,25001
Brittany,France,2022-04-16,7730534,,,2022-04-16,25003
Burgundy-Free County,France,2022-04-16,5857136,,,2022-04-16,25002
Centre-Loire Valley,France,2022-04-16,5617211,,,2022-04-16,25004
Corsica,France,2022-04-16,630476,,,2022-04-16,25005
French Guiana,France,2022-04-16,224543,,,2022-04-16,254
French Polynesia,France,2022-04-16,451489,,,2022-04-16,258
Great East,France,2022-04-16,11555183,,,2022-04-16,25006
Guadeloupe,France,2022-04-16,369518,,,2022-04-16,312
Island of France,France,2022-04-16,24161100,,,2022-04-16,25007
Loire Countries,France,2022-04-16,8510464,,,2022-04-16,25008
Martinique,France,2022-04-16,375914,,,2022-04-16,474
New Aquitaine,France,2022-04-16,13410685,,,2022-04-16,25009
New Caledonia,France,2022-04-16,458943,,,2022-04-16,540
Normandy,France,2022-04-16,7403137,,,2022-04-16,25010
Occitania,France,2022-04-16,12328499,,,2022-04-16,25011
Provence-Alps-Azure Coast,France,2022-04-16,10030815,,,2022-04-16,25012
Unknown,France,2022-04-16,6170726,,,2022-04-16,25013
Upper France,France,2022-04-16,12622060,,,2022-04-16,25012
Wallis and Futuna,France,2022-04-16,16287,,,2022-04-16,876
,Gabon,2022-04-16,545642,397308,251797,2022-04-16,266
,Gambia,2022-04-16,363353,331266,318161,2022-04-16,270
,Georgia,2022-04-16,2867451,1610614,1260512,2022-04-16,268
,Germany,2022-04-16,172495179,63722022,63253975,2022-04-16,276
Baden-Wurttemberg,Germany,2022-04-16,22345496,,,2022-04-16,27601
Bayern,Germany,2022-04-16,26480745,,,2022-04-16,27602
Berlin,Germany,2022-04-16,7748824,,,2022-04-16,27603
Brandenburg,Germany,2022-04-16,4714240,,,2022-04-16,27604
Bremen,Germany,2022-04-16,1617360,,,2022-04-16,27605
Hamburg,Germany,2022-04-16,4098538,,,2022-04-16,27606
Hessen,Germany,2022-04-16,12868371,,,2022-04-16,27607
Mecklenburg-Vorpommern,Germany,2022-04-16,3255502,,,2022-04-16,27608
Niedersachsen,Germany,2022-04-16,17174730,,,2022-04-16,27609
Nordrhein-Westfalen,Germany,2022-04-16,38859292,,,2022-04-16,27610
Rheinland-Pfalz,Germany,2022-04-16,8527082,,,2022-04-16,27611
Saarland,Germany,2022-04-16,2224914,,,2022-04-16,27612
Sachsen,Germany,2022-04-16,7139021,,,2022-04-16,27613
Sachsen-Anhalt,Germany,2022-04-16,4252551,,,2022-04-16,27614
Schleswig-Holstein,Germany,2022-04-16,6667520,,,2022-04-16,27615
Thuringen,Germany,2022-04-16,3989526,,,2022-04-16,27616
Unknown,Germany,2022-04-16,0,,,2022-04-16,27617
,Ghana,2022-04-16,14228848,8999937,5070306,2022-04-16,288
,Greece,2022-04-16,20719768,7906803,7609063,2022-04-16,300
,Grenada,2022-04-16,87353,43321,38018,2022-04-16,308
,Guatemala,2022-04-16,16676463,7986251,6046134,2022-04-16,320
,Guinea,2022-04-16,5952680,3472605,2480075,2022-04-16,324
,Guinea-Bissau,2022-04-16,562620,519455,341495,2022-04-16,624
,Guyana,2022-04-16,894938,472988,362605,2022-04-16,328
,Haiti,2022-04-16,255729,167891,115420,2022-04-16,332
,Honduras,2022-04-16,11904698,5300577,4583225,2022-04-16,340
,Hungary,2022-04-16,16488911,6404687,6190310,2022-04-16,348
,Iceland,2022-04-16,806342,309770,290193,2022-04-16,352
,India,2022-04-16,1864170084,996934800,841424423,2022-04-16,356
Andaman and Nicobar Islands,India,2022-04-16,682339,,,2022-04-16,35601
Andhra Pradesh,India,2022-04-16,92193521,,,2022-04-16,35602
Arunachal Pradesh,India,2022-04-16,1672484,,,2022-04-16,35603
Assam,India,2022-04-16,44387433,,,2022-04-16,35604
Bihar,India,2022-04-16,127145885,,,2022-04-16,35605
Chandigarh,India,2022-04-16,2092571,,,2022-04-16,35606
Chhattisgarh,India,2022-04-16,38605941,,,2022-04-16,35607
Dadra and Nagar Haveli and Daman and Diu,India,2022-04-16,1389473,,,2022-04-16,35608
Delhi,India,2022-04-16,32922408,,,2022-04-16,35609
Goa,India,2022-04-16,2704286,,,2022-04-16,35610
Gujarat,India,2022-04-16,106716342,,,2022-04-16,35611
Haryana,India,2022-04-16,42204431,,,2022-04-16,35612
Himachal Pradesh,India,2022-04-16,12741249,,,2022-04-16,35613
Jammu and Kashmir,India,2022-04-16,22424109,,,2022-04-16,35614
Jharkhand,India,2022-04-16,39015682,,,2022-04-16,35615
Karnataka,India,2022-04-16,105267482,,,2022-04-16,35616
Kerala,India,2022-04-16,53753831,,,2022-04-16,35617
Ladakh,India,2022-04-16,463099,,,2022-04-16,35618
Lakshadweep,India,2022-04-16,121819,,,2022-04-16,35637
Madhya Pradesh,India,2022-04-16,116938956,,,2022-04-16,35619
Maharashtra,India,2022-04-16,163102422,,,2022-04-16,35620
Manipur,India,2022-04-16,2812422,,,2022-04-16,35621
Meghalaya,India,2022-04-16,2428498,,,2022-04-16,35622
Mizoram,India,2022-04-16,1558984,,,2022-04-16,35623
Nagaland,India,2022-04-16,1598944,,,2022-04-16,35624
Odisha,India,2022-04-16,64785302,,,2022-04-16,35625
Puducherry,India,2022-04-16,1662665,,,2022-04-16,35626
Punjab,India,2022-04-16,41514317,,,2022-04-16,35627
Rajasthan,India,2022-04-16,103538806,,,2022-04-16,35628
Sikkim,India,2022-04-16,1140375,,,2022-04-16,35629
Tamil Nadu,India,2022-04-16,104075232,,,2022-04-16,35630
Telangana,India,2022-04-16,61794993,,,2022-04-16,35631
Tripura,India,2022-04-16,5250651,,,2022-04-16,35632
Unknown,India,2022-04-16,4748596,,,2022-04-16,35636
Uttar Pradesh,India,2022-04-16,307410578,,,2022-04-16,35633
Uttarakhand,India,2022-04-16,17313441,,,2022-04-16,35634
West Bengal,India,2022-04-16,136559985,,,2022-04-16,35635
,Indonesia,2022-04-16,391285252,197910765,162204973,2022-04-16,360
Aceh,Indonesia,2022-04-16,7248731,,,2022-04-16,360001
Bali,Indonesia,2022-04-16,9321161,,,2022-04-16,360002
Bangka Belitung Islands,Indonesia,2022-04-16,2159060,,,2022-04-16,360003
Banten,Indonesia,2022-04-16,17077067,,,2022-04-16,360004
Bengkulu,Indonesia,2022-04-16,2680325,,,2022-04-16,360005
Central Java,Indonesia,2022-04-16,53960202,,,2022-04-16,360006
Central Kalimantan,Indonesia,2022-04-16,3918608,,,2022-04-16,360007
Central Sulawesi,Indonesia,2022-04-16,3155316,,,2022-04-16,360008
East Java,Indonesia,2022-04-16,57983150,,,2022-04-16,360009
East Kalimantan,Indonesia,2022-04-16,5909045,,,2022-04-16,360010
East Nusa Tenggara,Indonesia,2022-04-16,6294269,,,2022-04-16,360011
Gorontalo,Indonesia,2022-04-16,1547736,,,2022-04-16,360012
Jambi,Indonesia,2022-04-16,4869167,,,2022-04-16,360014
Lampung,Indonesia,2022-04-16,11157764,,,2022-04-16,360015
Maluku,Indonesia,2022-04-16,1722217,,,2022-04-16,360016
North Kalimantan,Indonesia,2022-04-16,1031659,,,2022-04-16,360017
North Maluku,Indonesia,2022-04-16,1328416,,,2022-04-16,360018
North Sulawesi,Indonesia,2022-04-16,3434746,,,2022-04-16,360019
North Sumatra,Indonesia,2022-04-16,21590560,,,2022-04-16,360020
Papua,Indonesia,2022-04-16,1693352,,,2022-04-16,360021
Riau,Indonesia,2022-04-16,9021850,,,2022-04-16,360022
Riau Islands,Indonesia,2022-04-16,3737492,,,2022-04-16,360023
South Kalimantan,Indonesia,2022-04-16,5544301,,,2022-04-16,360025
South Sulawesi,Indonesia,2022-04-16,11069446,,,2022-04-16,360026
South Sumatra,Indonesia,2022-04-16,11194647,,,2022-04-16,360027
Southeast Sulawesi,Indonesia,2022-04-16,3092899,,,2022-04-16,360024
Special Capital Region of Jakarta,Indonesia,2022-04-16,26363365,,,2022-04-16,360013
Special Region of Yogyakarta,Indonesia,2022-04-16,6929431,,,2022-04-16,360034
Unknown,Indonesia,2022-04-16,103,,,2022-04-16,360035
West Java,Indonesia,2022-04-16,72535523,,,2022-04-16,360028
West Kalimantan,Indonesia,2022-04-16,6310079,,,2022-04-16,360029
West Nusa Tenggara,Indonesia,2022-04-16,7387608,,,2022-04-16,360030
West Papua,Indonesia,2022-04-16,912625,,,2022-04-16,360031
West Sulawesi,Indonesia,2022-04-16,1464077,,,2022-04-16,360032
West Sumatra,Indonesia,2022-04-16,7423363,,,2022-04-16,360033
,Iran,2022-04-16,148013217,64128824,57247858,2022-04-16,364
,Iraq,2022-04-16,17906725,10441615,7303520,2022-04-16,368
,Ireland,2022-04-16,10816061,4074956,4017049,2022-04-16,372
,Israel,2022-04-16,18116481,6705367,6132838,2022-04-16,376
,Italy,2022-04-16,136377041,50745975,47876676,2022-04-16,380
Abruzzo,Italy,2022-04-16,2956497,,,2022-04-16,38013
Basilicata,Italy,2022-04-16,1265440,,,2022-04-16,38017
Calabria,Italy,2022-04-16,4096021,,,2022-04-16,38018
Campania,Italy,2022-04-16,12500717,,,2022-04-16,38015
Emilia-Romagna,Italy,2022-04-16,10323180,,,2022-04-16,38008
Friuli Venezia Giulia,Italy,2022-04-16,2889146,,,2022-04-16,38006
Lazio,Italy,2022-04-16,13415872,,,2022-04-16,38012
Liguria,Italy,2022-04-16,3484809,,,2022-04-16,38007
Lombardia,Italy,2022-04-16,23798229,,,2022-04-16,38003
Marche,Italy,2022-04-16,3355164,,,2022-04-16,38011
Molise,Italy,2022-04-16,703717,,,2022-04-16,38014
P.A. Bolzano,Italy,2022-04-16,1108199,,,2022-04-16,38041
P.A. Trento,Italy,2022-04-16,1237356,,,2022-04-16,38042
Piemonte,Italy,2022-04-16,9901171,,,2022-04-16,38001
Puglia,Italy,2022-04-16,9354530,,,2022-04-16,38016
Sardegna,Italy,2022-04-16,3761998,,,2022-04-16,38020
Sicilia,Italy,2022-04-16,10376279,,,2022-04-16,38019
Toscana,Italy,2022-04-16,8737473,,,2022-04-16,38009
Umbria,Italy,2022-04-16,2026727,,,2022-04-16,38010
Valle d'Aosta,Italy,2022-04-16,276471,,,2022-04-16,38002
Veneto,Italy,2022-04-16,11002015,,,2022-04-16,38005
,Jamaica,2022-04-16,1406771,785809,680333,2022-04-16,388
,Japan,2022-04-16,263596741,102872721,101024896,2022-04-16,392
,Jordan,2022-04-16,10140694,4750996,4750955,2022-04-16,400
,Kazakhstan,2022-04-16,18678852,9468626,9205900,2022-04-16,398
Aktobe,Kazakhstan,2022-04-16,784344,,,2022-04-16,39801
Almaty,Kazakhstan,2022-04-16,1981528,,,2022-04-16,39802
Almaty City,Kazakhstan,2022-04-16,2177083,,,2022-04-16,39803
Aqmola,Kazakhstan,2022-04-16,698470,,,2022-04-16,39804
Atyrau,Kazakhstan,2022-04-16,529858,,,2022-04-16,39805
East Kazakhstan,Kazakhstan,2022-04-16,1835305,,,2022-04-16,39806
Jambyl,Kazakhstan,2022-04-16,1261276,,,2022-04-16,39807
Mangystau,Kazakhstan,2022-04-16,426152,,,2022-04-16,39808
North Kazakhstan,Kazakhstan,2022-04-16,610734,,,2022-04-16,39809
Nur-Sultan,Kazakhstan,2022-04-16,969786,,,2022-04-16,39810
Pavlodar,Kazakhstan,2022-04-16,721576,,,2022-04-16,39811
Qaraghandy,Kazakhstan,2022-04-16,1297468,,,2022-04-16,39812
Qostanay,Kazakhstan,2022-04-16,707865,,,2022-04-16,39813
Qyzylorda,Kazakhstan,2022-04-16,849801,,,2022-04-16,39814
Shymkent,Kazakhstan,2022-04-16,1192446,,,2022-04-16,39815
Turkistan,Kazakhstan,2022-04-16,2092840,,,2022-04-16,39816
West Kazakhstan,Kazakhstan,2022-04-16,542320,,,2022-04-16,39817
,Kenya,2022-04-16,17794903,11874893,8399317,2022-04-16,404
,Kiribati,2022-04-16,136758,78620,55333,2022-04-16,296
,"Korea, South",2022-04-16,122535986,,,2022-04-16,410
,Kosovo,2022-04-16,1871106,902173,821361,2022-04-16,383
,Kuwait,2022-04-16,7917422,3415828,3289299,2022-04-16,414
,Kyrgyzstan,2022-04-16,2950439,1511278,1258899,2022-04-16,417
,Laos,2022-04-16,10409681,5732256,4727576,2022-04-16,418
,Latvia,2022-04-16,2880332,1344268,1303240,2022-04-16,428
,Lebanon,2022-04-16,5333067,2522387,2212183,2022-04-16,422
Akkar,Lebanon,2022-04-16,188011,,,2022-04-16,422001
Baalbek-Hermel,Lebanon,2022-04-16,210425,,,2022-04-16,422003
Beirut,Lebanon,2022-04-16,823347,,,2022-04-16,422004
Beqaa,Lebanon,2022-04-16,413879,,,2022-04-16,422005
Mount Lebanon,Lebanon,2022-04-16,2078414,,,2022-04-16,422006
Nabatieh,Lebanon,2022-04-16,397012,,,2022-04-16,422007
North,Lebanon,2022-04-16,621612,,,2022-04-16,422008
South,Lebanon,2022-04-16,571602,,,2022-04-16,422009
Unknown,Lebanon,2022-04-16,28765,,,2022-04-16,422010
,Lesotho,2022-04-16,905438,782175,727528,2022-04-16,426
,Liberia,2022-04-16,1132502,1116709,1084591,2022-04-16,430
,Libya,2022-04-16,1132502,2210577,1138504,2022-04-16,434
,Liechtenstein,2022-04-16,71104,26721,26395,2022-04-16,438
,Lithuania,2022-04-16,4473896,1949593,1873539,2022-04-16,440
Alytus,Lithuania,2022-04-16,211598,,,2022-04-16,44001
Kaunas,Lithuania,2022-04-16,978536,,,2022-04-16,44002
Klaipeda,Lithuania,2022-04-16,431430,,,2022-04-16,44003
Marijampole,Lithuania,2022-04-16,192563,,,2022-04-16,44004
Panevezys,Lithuania,2022-04-16,334834,,,2022-04-16,44005
Siauliai,Lithuania,2022-04-16,389424,,,2022-04-16,44006
Taurage,Lithuania,2022-04-16,122330,,,2022-04-16,44007
Telsiai,Lithuania,2022-04-16,164096,,,2022-04-16,44008
Unknown,Lithuania,2022-04-16,60853,,,2022-04-16,44011
Utena,Lithuania,2022-04-16,198712,,,2022-04-16,44009
Vilnius,Lithuania,2022-04-16,1450069,,,2022-04-16,44010
,Luxembourg,2022-04-16,1283155,480485,461368,2022-04-16,442
,Madagascar,2022-04-16,2236368,1185489,1050879,2022-04-16,450
,Malawi,2022-04-16,1993981,1570322,861888,2022-04-16,454
,Malaysia,2022-04-16,69570045,27587017,26097771,2022-04-16,458
Johor,Malaysia,2022-04-16,8502701,,,2022-04-16,45801
Kedah,Malaysia,2022-04-16,3991516,,,2022-04-16,45802
Kelantan,Malaysia,2022-04-16,2744591,,,2022-04-16,45803
Melaka,Malaysia,2022-04-16,2056825,,,2022-04-16,45804
Negeri Sembilan,Malaysia,2022-04-16,2634551,,,2022-04-16,45805
Pahang,Malaysia,2022-04-16,3066544,,,2022-04-16,45806
Perak,Malaysia,2022-04-16,5034167,,,2022-04-16,45807
Perlis,Malaysia,2022-04-16,500332,,,2022-04-16,45808
Pulau Pinang,Malaysia,2022-04-16,4242819,,,2022-04-16,45809
Sabah,Malaysia,2022-04-16,5776348,,,2022-04-16,45810
Sarawak,Malaysia,2022-04-16,6185362,,,2022-04-16,45811
Selangor,Malaysia,2022-04-16,14054246,,,2022-04-16,45812
Terengganu,Malaysia,2022-04-16,2153899,,,2022-04-16,45813
Unknown,Malaysia,2022-04-16,0,,,2022-04-16,45817
W.P. Kuala Lumpur,Malaysia,2022-04-16,8014248,,,2022-04-16,45814
W.P. Labuan,Malaysia,2022-04-16,218289,,,2022-04-16,45815
W.P. Putrajaya,Malaysia,2022-04-16,393607,,,2022-04-16,45816
,Maldives,2022-04-16,939643,398539,383809,2022-04-16,462
,Mali,2022-04-16,1941434,1380453,1020334,2022-04-16,466
,Malta,2022-04-16,1261078,474753,467485,2022-04-16,470
,Marshall Islands,2022-04-16,64190,,,2022-04-16,584
,Mauritania,2022-04-16,2663719,1558039,1062534,2022-04-16,478
,Mauritius,2022-04-16,2567436,1004794,970109,2022-04-16,480
,Mexico,2022-04-16,193931912,85689086,79919412,2022-04-16,484
,Micronesia,2022-04-16,123505,,,2022-04-16,583
,Moldova,2022-04-16,2154271,1083286,1058340,2022-04-16,498
,Monaco,2022-04-16,65140,28875,25667,2022-04-16,492
,Mongolia,2022-04-16,5596880,2272688,2175051,2022-04-16,496
,Montenegro,2022-04-16,670723,290227,282182,2022-04-16,499
,Morocco,2022-04-16,54362452,24894277,23369950,2022-04-16,504
,Mozambique,2022-04-16,27843440,14317445,13221530,2022-04-16,508
,Namibia,2022-04-16,839674,453191,386483,2022-04-16,516
,Nepal,2022-04-16,40326766,22145663,19359782,2022-04-16,524
Bagmati,Nepal,2022-04-16,10064238,,,2022-04-16,524003
Gandaki,Nepal,2022-04-16,3963403,,,2022-04-16,524004
Karnali,Nepal,2022-04-16,2124072,,,2022-04-16,524006
Province 1,Nepal,2022-04-16,6508804,,,2022-04-16,524001
Province 2,Nepal,2022-04-16,7271641,,,2022-04-16,524002
Province 5,Nepal,2022-04-16,7068135,,,2022-04-16,524005
Sudurpashchim,Nepal,2022-04-16,3674074,,,2022-04-16,524007
Unknown,Nepal,2022-04-16,0,,,2022-04-16,524008
,Netherlands,2022-04-16,35587410,13460905,12398559,2022-04-16,528
Aruba,Netherlands,2022-04-16,169887,,,2022-04-16,533
"Bonaire, Sint Eustatius and Saba",Netherlands,2022-04-16,46874,,,2022-04-16,535
Curacao,Netherlands,2022-04-16,248376,,,2022-04-16,531
Sint Maarten,Netherlands,2022-04-16,62043,,,2022-04-16,534
,New Zealand,2022-04-16,11007617,4286430,4079493,2022-04-16,554
Cook Islands,New Zealand,2022-04-16,39686,,,2022-04-16,184
,Nicaragua,2022-04-16,10003541,5604596,4398945,2022-04-16,558
,Niger,2022-04-16,3726602,2188727,1547552,2022-04-16,562
,Nigeria,2022-04-16,33932163,22575395,13313220,2022-04-16,566
,North Macedonia,2022-04-16,1843955,852988,835804,2022-04-16,807
,Norway,2022-04-16,11284486,4333264,4030125,2022-04-16,578
,Oman,2022-04-16,7023686,3257895,3026373,2022-04-16,512
,Pakistan,2022-04-16,249609778,133754050,120356354,2022-04-16,586
,Palau,2022-04-16,44526,,,2022-04-16,585
,Panama,2022-04-16,7973312,3453594,3043431,2022-04-16,591
,Papua New Guinea,2022-04-16,574716,317150,257566,2022-04-16,598
,Paraguay,2022-04-16,8621956,3875316,3331746,2022-04-16,600
,Peru,2022-04-16,69189336,28850438,26333451,2022-04-16,604
,Philippines,2022-04-16,144072000,70173137,66652616,2022-04-16,608
,Poland,2022-04-16,54103107,22627451,22398266,2022-04-16,616
Dolnoslaskie,Poland,2022-04-16,4334595,,,2022-04-16,61601
Kujawsko-Pomorskie,Poland,2022-04-16,2930957,,,2022-04-16,61602
Lodzkie,Poland,2022-04-16,3528950,,,2022-04-16,61605
Lubelskie,Poland,2022-04-16,2489071,,,2022-04-16,61603
Lubuskie,Poland,2022-04-16,1508792,,,2022-04-16,61604
Malopolskie,Poland,2022-04-16,4524123,,,2022-04-16,61606
Mazowieckie,Poland,2022-04-16,8595394,,,2022-04-16,61607
Opolskie,Poland,2022-04-16,1263026,,,2022-04-16,61608
Podkarpackie,Poland,2022-04-16,2215374,,,2022-04-16,61609
Podlaskie,Poland,2022-04-16,1514419,,,2022-04-16,61610
Pomorskie,Poland,2022-04-16,3595467,,,2022-04-16,61611
Slaskie,Poland,2022-04-16,6390904,,,2022-04-16,61612
Swietokrzyskie,Poland,2022-04-16,1534943,,,2022-04-16,61613
Unknown,Poland,2022-04-16,15,,,2022-04-16,61617
Warminsko-mazurskie,Poland,2022-04-16,1883824,,,2022-04-16,61614
Wielkopolskie,Poland,2022-04-16,5273270,,,2022-04-16,61615
Zachodniopomorskie,Poland,2022-04-16,2519991,,,2022-04-16,61616
,Portugal,2022-04-16,23730626,9663542,9415073,2022-04-16,620
,Qatar,2022-04-16,6703058,2602309,2602309,2022-04-16,634
,Romania,2022-04-16,16752590,8167109,8090048,2022-04-16,642
,Russia,2022-04-16,165150500,80272657,73170842,2022-04-16,643
Adygea Republic,Russia,2022-04-16,,,,2022-04-16,64301
Altai Krai,Russia,2022-04-16,,,,2022-04-16,64302
Amur Oblast,Russia,2022-04-16,,,,2022-04-16,64304
Arkhangelsk Oblast,Russia,2022-04-16,,,,2022-04-16,64305
Astrakhan Oblast,Russia,2022-04-16,,,,2022-04-16,64306
Bashkortostan Republic,Russia,2022-04-16,,,,2022-04-16,64307
Belgorod Oblast,Russia,2022-04-16,,,,2022-04-16,64308
Bryansk Oblast,Russia,2022-04-16,,,,2022-04-16,64309
Buryatia Republic,Russia,2022-04-16,,,,2022-04-16,64310
Chechen Republic,Russia,2022-04-16,,,,2022-04-16,64311
Chelyabinsk Oblast,Russia,2022-04-16,,,,2022-04-16,64312
Chukotka Autonomous Okrug,Russia,2022-04-16,,,,2022-04-16,64313
Chuvashia Republic,Russia,2022-04-16,,,,2022-04-16,64314
Ingushetia Republic,Russia,2022-04-16,,,,2022-04-16,64316
Irkutsk Oblast,Russia,2022-04-16,,,,2022-04-16,64317
Ivanovo Oblast,Russia,2022-04-16,,,,2022-04-16,64318
Jewish Autonomous Okrug,Russia,2022-04-16,,,,2022-04-16,64319
Kabardino-Balkarian Republic,Russia,2022-04-16,,,,2022-04-16,64320
Kaliningrad Oblast,Russia,2022-04-16,,,,2022-04-16,64321
Kalmykia Republic,Russia,2022-04-16,,,,2022-04-16,64322
Kaluga Oblast,Russia,2022-04-16,,,,2022-04-16,64323
Karachay-Cherkess Republic,Russia,2022-04-16,,,,2022-04-16,64325
Karelia Republic,Russia,2022-04-16,,,,2022-04-16,64326
Kemerovo Oblast,Russia,2022-04-16,,,,2022-04-16,64327
Khabarovsk Krai,Russia,2022-04-16,,,,2022-04-16,64328
Khakassia Republic,Russia,2022-04-16,,,,2022-04-16,64329
Khanty-Mansi Autonomous Okrug,Russia,2022-04-16,,,,2022-04-16,64330
Kirov Oblast,Russia,2022-04-16,,,,2022-04-16,64331
Komi Republic,Russia,2022-04-16,,,,2022-04-16,64332
Kostroma Oblast,Russia,2022-04-16,,,,2022-04-16,64333
Krasnodar Krai,Russia,2022-04-16,,,,2022-04-16,64334
Krasnoyarsk Krai,Russia,2022-04-16,,,,2022-04-16,64335
Kurgan Oblast,Russia,2022-04-16,,,,2022-04-16,64336
Kursk Oblast,Russia,2022-04-16,,,,2022-04-16,64337
Leningrad Oblast,Russia,2022-04-16,,,,2022-04-16,64338
Lipetsk Oblast,Russia,2022-04-16,,,,2022-04-16,64339
Magadan Oblast,Russia,2022-04-16,,,,2022-04-16,64340
Mari El Republic,Russia,2022-04-16,,,,2022-04-16,64341
Mordovia Republic,Russia,2022-04-16,,,,2022-04-16,64342
Moscow,Russia,2022-04-16,,,,2022-04-16,64343
Moscow Oblast,Russia,2022-04-16,,,,2022-04-16,64344
Murmansk Oblast,Russia,2022-04-16,,,,2022-04-16,64345
Nenets Autonomous Okrug,Russia,2022-04-16,,,,2022-04-16,64346
Nizhny Novgorod Oblast,Russia,2022-04-16,,,,2022-04-16,64347
Novosibirsk Oblast,Russia,2022-04-16,,,,2022-04-16,64350
Omsk Oblast,Russia,2022-04-16,,,,2022-04-16,64351
Orel Oblast,Russia,2022-04-16,,,,2022-04-16,64352
Orenburg Oblast,Russia,2022-04-16,,,,2022-04-16,64353
Penza Oblast,Russia,2022-04-16,,,,2022-04-16,64354
Perm Krai,Russia,2022-04-16,,,,2022-04-16,64355
Primorsky Krai,Russia,2022-04-16,,,,2022-04-16,64356
Pskov Oblast,Russia,2022-04-16,,,,2022-04-16,64357
Rostov Oblast,Russia,2022-04-16,,,,2022-04-16,64358
Ryazan Oblast,Russia,2022-04-16,,,,2022-04-16,64359
Saint Petersburg,Russia,2022-04-16,,,,2022-04-16,64360
Sakha (Yakutiya) Republic,Russia,2022-04-16,,,,2022-04-16,64361
Sakhalin Oblast,Russia,2022-04-16,,,,2022-04-16,64362
Samara Oblast,Russia,2022-04-16,,,,2022-04-16,64363
Saratov Oblast,Russia,2022-04-16,,,,2022-04-16,64364
Smolensk Oblast,Russia,2022-04-16,,,,2022-04-16,64365
Sverdlovsk Oblast,Russia,2022-04-16,,,,2022-04-16,64367
Tambov Oblast,Russia,2022-04-16,,,,2022-04-16,64368
Tatarstan Republic,Russia,2022-04-16,,,,2022-04-16,64369
Tomsk Oblast,Russia,2022-04-16,,,,2022-04-16,64370
Tula Oblast,Russia,2022-04-16,,,,2022-04-16,64371
Tver Oblast,Russia,2022-04-16,,,,2022-04-16,64372
Tyumen Oblast,Russia,2022-04-16,,,,2022-04-16,64373
Tyva Republic,Russia,2022-04-16,,,,2022-04-16,64374
Udmurt Republic,Russia,2022-04-16,,,,2022-04-16,64375
Ulyanovsk Oblast,Russia,2022-04-16,,,,2022-04-16,64376
Unknown,Russia,2022-04-16,165150500,,,2022-04-16,64384
Vladimir Oblast,Russia,2022-04-16,,,,2022-04-16,64377
Volgograd Oblast,Russia,2022-04-16,,,,2022-04-16,64378
Vologda Oblast,Russia,2022-04-16,,,,2022-04-16,64379
Voronezh Oblast,Russia,2022-04-16,,,,2022-04-16,64380
Yamalo-Nenets Autonomous Okrug,Russia,2022-04-16,,,,2022-04-16,64381
Yaroslavl Oblast,Russia,2022-04-16,,,,2022-04-16,64382
Zabaykalsky Krai,Russia,2022-04-16,,,,2022-04-16,64383
,Rwanda,2022-04-16,20141669,8916911,8146164,2022-04-16,646
,Saint Kitts and Nevis,2022-04-16,60467,31162,26294,2022-04-16,659
,Saint Lucia,2022-04-16,118231,58235,52866,2022-04-16,662
,Saint Vincent and the Grenadines,2022-04-16,69895,36145,30241,2022-04-16,670
,Samoa,2022-04-16,371342,185891,136976,2022-04-16,882
,San Marino,2022-04-16,70611,26345,23624,2022-04-16,674
,Sao Tome and Principe,2022-04-16,208657,113708,86914,2022-04-16,678
,Saudi Arabia,2022-04-16,63964455,26341105,24667067,2022-04-16,682
,Senegal,2022-04-16,2496373,1457116,1039257,2022-04-16,686
,Serbia,2022-04-16,8494958,3347209,3269374,2022-04-16,688
,Seychelles,2022-04-16,199850,84387,80153,2022-04-16,690
,Sierra Leone,2022-04-16,2868978,1743563,1125415,2022-04-16,694
,Singapore,2022-04-16,13901512,5009323,4974519,2022-04-16,702
,Slovakia,2022-04-16,7062235,2820879,2764679,2022-04-16,703
,Slovenia,2022-04-16,3132929,1265020,1220899,2022-04-16,705
Gorenjska,Slovenia,2022-04-16,316402,,,2022-04-16,70501
Goriska,Slovenia,2022-04-16,182003,,,2022-04-16,70502
Jugovzhodna Slovenija,Slovenia,2022-04-16,205008,,,2022-04-16,70503
Koroska,Slovenia,2022-04-16,110444,,,2022-04-16,70504
Obalno-kraska,Slovenia,2022-04-16,166786,,,2022-04-16,70505
Osrednjeslovenska,Slovenia,2022-04-16,858436,,,2022-04-16,70506
Podravska,Slovenia,2022-04-16,459650,,,2022-04-16,70507
Pomurska,Slovenia,2022-04-16,172702,,,2022-04-16,70508
Posavska,Slovenia,2022-04-16,105903,,,2022-04-16,70509
Primorsko-notranjska,Slovenia,2022-04-16,80778,,,2022-04-16,70510
Savinjska,Slovenia,2022-04-16,372752,,,2022-04-16,70511
Unknown,Slovenia,2022-04-16,12610,,,2022-04-16,70513
Zasavska,Slovenia,2022-04-16,89455,,,2022-04-16,70512
,Solomon Islands,2022-04-16,380796,245948,133612,2022-04-16,90
,Somalia,2022-04-16,2511394,2033814,1383207,2022-04-16,706
,South Africa,2022-04-16,34354814,21115282,18136746,2022-04-16,710
,South Sudan,2022-04-16,645347,596605,553098,2022-04-16,728
,Spain,2022-04-16,101041014,41180591,40349823,2022-04-16,724
Andalusia,Spain,2022-04-16,17195416,,,2022-04-16,72401
Aragon,Spain,2022-04-16,2634656,,,2022-04-16,72402
Asturias,Spain,2022-04-16,2285203,,,2022-04-16,72403
Baleares,Spain,2022-04-16,2036953,,,2022-04-16,72404
C. Valenciana,Spain,2022-04-16,9825026,,,2022-04-16,72411
Canarias,Spain,2022-04-16,4141402,,,2022-04-16,72405
Cantabria,Spain,2022-04-16,1261579,,,2022-04-16,72406
Castilla - La Mancha,Spain,2022-04-16,3973587,,,2022-04-16,72407
Castilla y Leon,Spain,2022-04-16,5291399,,,2022-04-16,72408
Catalonia,Spain,2022-04-16,14120981,,,2022-04-16,72409
Ceuta,Spain,2022-04-16,148618,,,2022-04-16,72410
Extremadura,Spain,2022-04-16,2320332,,,2022-04-16,72412
Galicia,Spain,2022-04-16,6104082,,,2022-04-16,72413
La Rioja,Spain,2022-04-16,640258,,,2022-04-16,72419
Madrid,Spain,2022-04-16,13119276,,,2022-04-16,72414
Melilla,Spain,2022-04-16,138653,,,2022-04-16,72415
Murcia,Spain,2022-04-16,2803449,,,2022-04-16,72416
Navarra,Spain,2022-04-16,1312314,,,2022-04-16,72417
Pais Vasco,Spain,2022-04-16,4399559,,,2022-04-16,72418
Unknown,Spain,2022-04-16,217375,,,2022-04-16,72420
,Sri Lanka,2022-04-16,39365793,17019170,14436626,2022-04-16,144
,Sudan,2022-04-16,7037185,5901014,3573666,2022-04-16,729
,Suriname,2022-04-16,553031,267473,237432,2022-04-16,740
,Sweden,2022-04-16,21491717,7823717,7625752,2022-04-16,752
Blekinge,Sweden,2022-04-16,347783,,,2022-04-16,75201
Dalarna,Sweden,2022-04-16,628125,,,2022-04-16,75202
Gavleborg,Sweden,2022-04-16,616612,,,2022-04-16,75203
Gotland,Sweden,2022-04-16,139258,,,2022-04-16,75204
Halland,Sweden,2022-04-16,725199,,,2022-04-16,75205
Jamtland Harjedalen,Sweden,2022-04-16,285232,,,2022-04-16,75206
Jonkoping,Sweden,2022-04-16,768026,,,2022-04-16,75207
Kalmar,Sweden,2022-04-16,547385,,,2022-04-16,75208
Kronoberg,Sweden,2022-04-16,407255,,,2022-04-16,75209
Norrbotten,Sweden,2022-04-16,563623,,,2022-04-16,75210
Orebro,Sweden,2022-04-16,654102,,,2022-04-16,75211
Ostergotland,Sweden,2022-04-16,1019621,,,2022-04-16,75212
Skane,Sweden,2022-04-16,2718148,,,2022-04-16,75213
Sormland,Sweden,2022-04-16,626157,,,2022-04-16,75214
Stockholm,Sweden,2022-04-16,4622543,,,2022-04-16,75215
Uppsala,Sweden,2022-04-16,843858,,,2022-04-16,75216
Varmland,Sweden,2022-04-16,642760,,,2022-04-16,75217
Vasterbotten,Sweden,2022-04-16,612520,,,2022-04-16,75218
Vasternorrland,Sweden,2022-04-16,541020,,,2022-04-16,75219
Vastmanland,Sweden,2022-04-16,574485,,,2022-04-16,75220
Vastra Gotaland,Sweden,2022-04-16,3488407,,,2022-04-16,75221
,Switzerland,2022-04-16,15657483,6079741,5993370,2022-04-16,756
Aargau,Switzerland,2022-04-16,1244866,,,2022-04-16,75601
Appenzell Ausserrhoden,Switzerland,2022-04-16,92364,,,2022-04-16,75602
Appenzell Innerrhoden,Switzerland,2022-04-16,23700,,,2022-04-16,75603
Basel-Landschaft,Switzerland,2022-04-16,540733,,,2022-04-16,75604
Basel-Stadt,Switzerland,2022-04-16,421022,,,2022-04-16,75605
Berne,Switzerland,2022-04-16,1975803,,,2022-04-16,75606
Fribourg,Switzerland,2022-04-16,498672,,,2022-04-16,75607
Geneva,Switzerland,2022-04-16,960125,,,2022-04-16,75608
Glarus,Switzerland,2022-04-16,64339,,,2022-04-16,75609
Grisons,Switzerland,2022-04-16,364891,,,2022-04-16,75610
Jura,Switzerland,2022-04-16,121036,,,2022-04-16,75611
Lucerne,Switzerland,2022-04-16,734460,,,2022-04-16,75612
Neuchatel,Switzerland,2022-04-16,311335,,,2022-04-16,75613
Nidwalden,Switzerland,2022-04-16,75356,,,2022-04-16,75614
Obwalden,Switzerland,2022-04-16,54477,,,2022-04-16,75615
Schaffhausen,Switzerland,2022-04-16,159126,,,2022-04-16,75616
Schwyz,Switzerland,2022-04-16,243356,,,2022-04-16,75617
Solothurn,Switzerland,2022-04-16,488986,,,2022-04-16,75618
St. Gallen,Switzerland,2022-04-16,829571,,,2022-04-16,75619
Thurgau,Switzerland,2022-04-16,448526,,,2022-04-16,75620
Ticino,Switzerland,2022-04-16,673810,,,2022-04-16,75621
Unknown,Switzerland,2022-04-16,15202,,,2022-04-16,75627
Uri,Switzerland,2022-04-16,61975,,,2022-04-16,75622
Valais,Switzerland,2022-04-16,589015,,,2022-04-16,75623
Vaud,Switzerland,2022-04-16,1460632,,,2022-04-16,75624
Zug,Switzerland,2022-04-16,243766,,,2022-04-16,75625
Zurich,Switzerland,2022-04-16,2960339,,,2022-04-16,75626
,Syria,2022-04-16,3538630,2415416,1411054,2022-04-16,760
,Taiwan*,2022-04-16,50693438,19544597,18422830,2022-04-16,158
,Tajikistan,2022-04-16,11532475,5158199,4886268,2022-04-16,762
,Tanzania,2022-04-16,5031070,3941772,3067877,2022-04-16,834
,Thailand,2022-04-16,131652372,55849949,50520022,2022-04-16,764
,Timor-Leste,2022-04-16,1374944,,,2022-04-16,626
,Togo,2022-04-16,2757575,1558542,1557538,2022-04-16,768
,Trinidad and Tobago,2022-04-16,1549291,746916,710444,2022-04-16,780
,Tunisia,2022-04-16,13062714,7177958,6353688,2022-04-16,788
,Turkey,2022-04-16,147329116,57801926,53010344,2022-04-16,792
,US,2022-04-16,569032907,256721753,218856150,2022-04-16,840
,US (Aggregate),2022-04-16,567085142,256721753,218856150,2022-04-16,840
,Uganda,2022-04-16,17605945,15331112,10127207,2022-04-16,800
,United Arab Emirates,2022-04-16,24641112,9890498,9633345,2022-04-16,784
,United Kingdom,2022-04-16,142940905,52978585,49592843,2022-04-16,826
Anguilla,United Kingdom,2022-04-16,23126,,,2022-04-16,660
Bermuda,United Kingdom,2022-04-16,131184,,,2022-04-16,60
British Virgin Islands,United Kingdom,2022-04-16,40697,,,2022-04-16,92
Cayman Islands,United Kingdom,2022-04-16,141400,,,2022-04-16,136
Channel Islands,United Kingdom,2022-04-16,367460,,,2022-04-16,8261
England,United Kingdom,2022-04-16,118694619,,,2022-04-16,82601
Falkland Islands (Malvinas),United Kingdom,2022-04-16,4407,,,2022-04-16,238
Gibraltar,United Kingdom,2022-04-16,119578,,,2022-04-16,292
Isle of Man,United Kingdom,2022-04-16,189896,,,2022-04-16,833
Montserrat,United Kingdom,2022-04-16,4229,,,2022-04-16,500
Northern Ireland,United Kingdom,2022-04-16,3771657,,,2022-04-16,82602
"Saint Helena, Ascension and Tristan da Cunha",United Kingdom,2022-04-16,7892,,,2022-04-16,654
Scotland,United Kingdom,2022-04-16,12175088,,,2022-04-16,82603
Turks and Caicos Islands,United Kingdom,2022-04-16,68800,,,2022-04-16,796
Wales,United Kingdom,2022-04-16,6958515,,,2022-04-16,82604
,Uruguay,2022-04-16,8109917,2977029,2854762,2022-04-16,858
,Uzbekistan,2022-04-16,46569941,18866465,14317528,2022-04-16,860
,Vanuatu,2022-04-16,261709,132941,118158,2022-04-16,548
,Venezuela,2022-04-16,37860994,22157232,14287370,2022-04-16,862
,Vietnam,2022-04-16,208244568,79947189,77754108,2022-04-16,704
,West Bank and Gaza,2022-04-16,3712897,,,2022-04-16,275
,World,2022-04-16,11168788547,4910223297,4426456617,2022-04-16,
,Yemen,2022-04-16,814569,649673,411501,2022-04-16,887
,Zambia,2022-04-16,3478542,2829929,2304064,2022-04-16,894
,Zimbabwe,2022-04-16,10108149,5767690,3611223,2022-04-16,716
